player,pos,rights,pick,drafted_by,draft_price,fab_paid,keeper_base,keeper_2027-28,keeper_2028-29,keeper_2029-30,moves
Victor Wembanyama,C,G League Team,6,G League Team,87,,87,101,117,135,
Nikola Jokic,C,Raita 'Būs Sūdi',12,Raita 'Būs Sūdi',83,,83,96,111,128,
Luka Doncic,PG/SG,Klāva Varenā Pīle,9,Klāva Varenā Pīle,82,,82,95,110,127,
Shai Gilgeous-Alexander,PG,BK 'Vārnu ielas republika',13,BK 'Vārnu ielas republika',77,,77,89,103,119,
Giannis Antetokounmpo,PF/C,Maris STOPIŅU TURTLES,14,Maris STOPIŅU TURTLES,63,,63,73,84,97,
Cooper Flagg,SG/SF/PF,TaigarEni,18,TaigarEni,57,,57,66,76,88,
Jayson Tatum,SF/PF,MJ Liepupes Bebri,15,MJ Liepupes Bebri,56,,56,65,75,87,
Tyrese Maxey,PG,Bukaišu Svelme,3,Bukaišu Svelme,55,,55,64,74,86,
Cade Cunningham,PG/SG,DzintarSkibidi,28,DzintarSkibidi,54,,54,63,73,84,
Anthony Edwards,PG/SG,Raita 'Būs Sūdi',22,Raita 'Būs Sūdi',50,,50,58,67,78,
Kevin Durant,SG/SF/PF,Dataigars,16,Dataigars,47,,47,55,64,74,
Jalen Johnson,SF/PF,BK 'Vārnu ielas republika',23,BK 'Vārnu ielas republika',46,,46,53,61,71,
Karl-Anthony Towns,PF/C,BK Zalve-Polýkarpos,1,BK Zalve-Polýkarpos,46,,46,53,61,71,
Tyrese Haliburton,PG/SG,ReinAss Team,29,ReinAss Team,46,,46,53,61,71,
Donovan Mitchell,PG/SG,Hole of Fame,38,Hole of Fame,40,,40,46,53,61,
LaMelo Ball,PG,BK Zalve-Polýkarpos,10,BK Zalve-Polýkarpos,40,,40,46,53,61,
Jamal Murray,PG,Hole of Fame,39,Hole of Fame,39,,39,45,52,60,
Jalen Brunson,PG,Toma Violent Monkeys,31,Toma Violent Monkeys,38,,38,44,51,59,
Lauri Markkanen,SF/PF,BK Zalve-Polýkarpos,20,BK Zalve-Polýkarpos,38,,38,44,51,59,
Scottie Barnes,SF/PF/C,DzintarSkibidi,44,DzintarSkibidi,38,,38,44,51,59,
Stephen Curry,PG,Juglas Brīvmākslinieki,19,Juglas Brīvmākslinieki,38,,38,44,51,59,
Bam Adebayo,PF/C,Juglas Brīvmākslinieki,40,Juglas Brīvmākslinieki,37,,37,43,50,58,
Alperen Sengün,PF/C,Klāva Varenā Pīle,45,Klāva Varenā Pīle,36,,36,42,49,57,
Austin Reaves,PG/SG/SF,DzintarSkibidi,42,DzintarSkibidi,36,,36,42,49,57,
Josh Giddey,PG/SG,ReinAss Team,47,ReinAss Team,36,,36,42,49,57,
Chet Holmgren,PF/C,Juglas Brīvmākslinieki,50,Juglas Brīvmākslinieki,34,,34,40,46,53,
Jaylen Brown,SG/SF/PF,BK Zalve-Polýkarpos,7,BK Zalve-Polýkarpos,33,,33,38,44,51,
Trey Murphy III,SG/SF,G League Team,61,G League Team,33,,33,38,44,51,
Domantas Sabonis,PF/C,Bukaišu Svelme,35,Bukaišu Svelme,32,,32,37,43,50,
Devin Booker,PG/SG,MJ Liepupes Bebri,49,MJ Liepupes Bebri,31,,31,36,42,49,
Paolo Banchero,PF,Maris STOPIŅU TURTLES,24,Maris STOPIŅU TURTLES,31,,31,36,42,49,
Amen Thompson,PG/SG,Klāva Varenā Pīle,58,Klāva Varenā Pīle,30,,30,35,41,48,
Anthony Davis,PF/C,Bukaišu Svelme,34,Bukaišu Svelme,30,,30,35,41,48,
Derrick White,PG/SG,Dataigars,48,Dataigars,30,,30,35,41,48,
Kawhi Leonard,SG/SF/PF,Gustava Soliņu Sildītāji,8,Gustava Soliņu Sildītāji,30,,30,35,41,48,
Franz Wagner,SF/PF,Toma Violent Monkeys,32,Toma Violent Monkeys,29,,29,34,40,46,
Kyrie Irving,PG,Hole of Fame,37,Hole of Fame,28,,28,33,38,44,
Matas Buzelis,SF/PF,TaigarEni,5,TaigarEni,28,,28,33,38,44,
Evan Mobley,PF/C,Bukaišu Svelme,63,Bukaišu Svelme,27,,27,32,37,43,
James Harden,PG/SG,ReinAss Team,55,ReinAss Team,27,,27,32,37,43,
Keyonte George,PG/SG,Dataigars,77,Dataigars,27,,27,32,37,43,
Pascal Siakam,PF/C,TaigarEni,46,TaigarEni,27,,27,32,37,43,
Trae Young,PG,Maris STOPIŅU TURTLES,25,Maris STOPIŅU TURTLES,27,,27,32,37,43,
Cameron Boozer,PF,DzintarSkibidi,79,DzintarSkibidi,26,,26,31,36,42,
Brandon Miller,SF/PF,Dataigars,74,Dataigars,25,,25,30,35,41,
Deni Avdija,SG/SF/PF,Raita 'Būs Sūdi',72,Raita 'Būs Sūdi',25,,25,30,35,41,
Donovan Clingan,C,Hole of Fame,64,Hole of Fame,25,,25,30,35,41,
Jalen Williams,SF/PF,BK 'Vārnu ielas republika',60,BK 'Vārnu ielas republika',25,,25,30,35,41,
Jaren Jackson Jr.,PF/C,Dataigars,70,Dataigars,25,,25,30,35,41,
Joel Embiid,C,Toma Violent Monkeys,33,Toma Violent Monkeys,25,,25,30,35,41,
Stephon Castle,PG/SG,BK Zalve-Polýkarpos,2,BK Zalve-Polýkarpos,25,,25,30,35,41,
Jalen Duren,C,MJ Liepupes Bebri,54,MJ Liepupes Bebri,24,,24,29,34,40,
Kon Knueppel,SG/SF,Raita 'Būs Sūdi',71,Raita 'Būs Sūdi',24,,24,29,34,40,
Michael Porter Jr.,SF/PF,G League Team,76,G League Team,24,,24,29,34,40,
Walker Kessler,C,TaigarEni,66,TaigarEni,24,,24,29,34,40,
Darius Garland,PG,TaigarEni,88,TaigarEni,23,,23,28,33,38,
Desmond Bane,SG/SF,Bukaišu Svelme,65,Bukaišu Svelme,22,,22,27,32,37,
LeBron James,SF/PF,Maris STOPIŅU TURTLES,4,Maris STOPIŅU TURTLES,22,,22,27,32,37,
Onyeka Okongwu,C,ReinAss Team,82,ReinAss Team,22,,22,27,32,37,
AJ Dybantsa,SF,Toma Violent Monkeys,86,Toma Violent Monkeys,21,,21,26,31,36,
Dyson Daniels,SG/SF,DzintarSkibidi,117,DzintarSkibidi,21,,21,26,31,36,
Dejounte Murray,PG,ReinAss Team,56,ReinAss Team,20,,20,25,30,35,
OG Anunoby,SF/PF,Gustava Soliņu Sildītāji,87,Gustava Soliņu Sildītāji,20,,20,25,30,35,
VJ Edgecombe,PG/SG,G League Team,52,G League Team,20,,20,25,30,35,
Caleb Wilson,PF,Hole of Fame,118,Hole of Fame,19,,19,24,29,34,
Immanuel Quickley,PG/SG,Gustava Soliņu Sildītāji,51,Gustava Soliņu Sildītāji,19,,19,24,29,34,
Naz Reid,PF/C,Gustava Soliņu Sildītāji,80,Gustava Soliņu Sildītāji,19,,19,24,29,34,
Kel'el Ware,C,BK 'Vārnu ielas republika',116,BK 'Vārnu ielas republika',18,,18,23,28,33,
Coby White,PG/SG,TaigarEni,78,TaigarEni,17,,17,22,27,32,
Damian Lillard,PG,Gustava Soliņu Sildītāji,83,Gustava Soliņu Sildītāji,17,,17,22,27,32,
Ivica Zubac,C,MJ Liepupes Bebri,95,MJ Liepupes Bebri,17,,17,22,27,32,
Mikal Bridges,SF/PF,Hole of Fame,101,Hole of Fame,17,,17,22,27,32,
Tyler Herro,PG/SG,Klāva Varenā Pīle,100,Klāva Varenā Pīle,17,,17,22,27,32,
Zion Williamson,PF/C,Toma Violent Monkeys,30,Toma Violent Monkeys,17,,17,22,27,32,
De'Aaron Fox,PG,Juglas Brīvmākslinieki,92,Juglas Brīvmākslinieki,16,,16,21,26,31,
Jaden McDaniels,SF,MJ Liepupes Bebri,114,MJ Liepupes Bebri,16,,16,21,26,31,
Jarrett Allen,C,Gustava Soliņu Sildītāji,36,Gustava Soliņu Sildītāji,16,,16,21,26,31,
Josh Hart,SG/SF,Gustava Soliņu Sildītāji,17,Gustava Soliņu Sildītāji,16,,16,21,26,31,
Nickeil Alexander-Walker,PG/SG,MJ Liepupes Bebri,90,MJ Liepupes Bebri,16,,16,21,26,31,
Payton Pritchard,PG,Juglas Brīvmākslinieki,93,Juglas Brīvmākslinieki,16,,16,21,26,31,
Ryan Rollins,PG/SG,Dataigars,96,Dataigars,16,,16,21,26,31,
Alexandre Sarr,C,Hole of Fame,103,Hole of Fame,15,,15,20,25,30,
Brandon Ingram,SG/SF/PF,Juglas Brīvmākslinieki,97,Juglas Brīvmākslinieki,15,,15,20,25,30,
Julius Randle,PF,Toma Violent Monkeys,81,Toma Violent Monkeys,15,,15,20,25,30,
Kristaps Porzingis,C,Juglas Brīvmākslinieki,26,Juglas Brīvmākslinieki,15,,15,20,25,30,
Paul George,SF/PF,Bukaišu Svelme,84,Bukaišu Svelme,15,,15,20,25,30,
Zach Edey,C,Gustava Soliņu Sildītāji,21,Gustava Soliņu Sildītāji,15,,15,20,25,30,
Darryn Peterson,SG,Toma Violent Monkeys,102,Toma Violent Monkeys,14,,14,19,24,29,
Rudy Gobert,C,Toma Violent Monkeys,53,Toma Violent Monkeys,14,,14,19,24,29,
Cedric Coward,SG/SF,TaigarEni,57,TaigarEni,12,,12,17,22,27,
Jalen Suggs,PG/SG,Gustava Soliņu Sildītāji,69,Gustava Soliņu Sildītāji,12,,12,17,22,27,
Dylan Harper,PG/SG,Gustava Soliņu Sildītāji,130,Gustava Soliņu Sildītāji,11,,11,16,21,26,
Ja Morant,PG,Toma Violent Monkeys,62,Toma Violent Monkeys,11,,11,16,21,26,
Keaton Wagler,SG,Maris STOPIŅU TURTLES,11,Maris STOPIŅU TURTLES,11,,11,16,21,26,
Andrew Wiggins,SG/SF/PF,MJ Liepupes Bebri,105,MJ Liepupes Bebri,10,,10,15,20,25,
Ausar Thompson,SG/SF/PF,ReinAss Team,127,ReinAss Team,10,,10,15,20,25,
Derik Queen,PF/C,DzintarSkibidi,108,DzintarSkibidi,10,,10,15,20,25,
Fred VanVleet,PG,G League Team,85,G League Team,10,,10,15,20,25,
Jusuf Nurkic,C,ReinAss Team,68,ReinAss Team,10,,10,15,20,25,
Khaman Maluach,C,Maris STOPIŅU TURTLES,41,Maris STOPIŅU TURTLES,10,,10,15,20,25,
Ty Jerome,PG/SG,Gustava Soliņu Sildītāji,112,Gustava Soliņu Sildītāji,10,,10,15,20,25,
Zach LaVine,PG/SG/SF,Maris STOPIŅU TURTLES,109,Maris STOPIŅU TURTLES,10,,10,15,20,25,
Jakob Poeltl,C,BK 'Vārnu ielas republika',106,BK 'Vārnu ielas republika',9,,9,14,19,24,
Brandin Podziemski,PG/SG,Gustava Soliņu Sildītāji,119,Gustava Soliņu Sildītāji,8,,8,13,18,23,
Christian Braun,SG/SF/PF,Maris STOPIŅU TURTLES,73,Maris STOPIŅU TURTLES,8,,8,13,18,23,
Darius Acuff Jr.,PG,MJ Liepupes Bebri,120,MJ Liepupes Bebri,8,,8,13,18,23,
Day'Ron Sharpe,C,Dataigars,126,Dataigars,8,,8,13,18,23,
Norman Powell,SG/SF,Klāva Varenā Pīle,122,Klāva Varenā Pīle,8,,8,13,18,23,
Aday Mara,C,Juglas Brīvmākslinieki,43,Juglas Brīvmākslinieki,7,,7,12,17,22,
Andrew Nembhard,PG/SG,BK Zalve-Polýkarpos,110,BK Zalve-Polýkarpos,7,,7,12,17,22,
Isaiah Hartenstein,C,G League Team,121,G League Team,7,,7,12,17,22,
Jimmy Butler III,SF/PF,Gustava Soliņu Sildītāji,98,Gustava Soliņu Sildītāji,7,,7,12,17,22,
Kingston Flemings,PG,Juglas Brīvmākslinieki,27,Juglas Brīvmākslinieki,7,,7,12,17,22,
Peyton Watson,SF/PF,ReinAss Team,124,ReinAss Team,7,,7,12,17,22,
Scotty Pippen Jr.,PG,Maris STOPIŅU TURTLES,89,Maris STOPIŅU TURTLES,7,,7,12,17,22,
Dailyn Swain,SF,Juglas Brīvmākslinieki,59,Juglas Brīvmākslinieki,6,,6,11,16,21,
Jabari Smith Jr.,PF/C,G League Team,128,G League Team,6,,6,11,16,21,
Jaime Jaquez Jr.,SG/SF/PF,Toma Violent Monkeys,94,Toma Violent Monkeys,6,,6,11,16,21,
Nicolas Claxton,C,Raita 'Būs Sūdi',115,Raita 'Būs Sūdi',6,,6,11,16,21,
Nikola Vucevic,C,ReinAss Team,111,ReinAss Team,6,,6,11,16,21,
Scoot Henderson,PG,Toma Violent Monkeys,67,Toma Violent Monkeys,6,,6,11,16,21,
Tre Jones,PG/SG,Bukaišu Svelme,104,Bukaišu Svelme,6,,6,11,16,21,
CJ McCollum,PG/SG,Raita 'Būs Sūdi',125,Raita 'Būs Sūdi',5,,5,10,15,20,
DeMar DeRozan,SF/PF,DzintarSkibidi,99,DzintarSkibidi,5,,5,10,15,20,
Brayden Burries,SG,BK 'Vārnu ielas republika',107,BK 'Vārnu ielas republika',4,,4,9,14,19,
Grayson Allen,SG/SF,ReinAss Team,129,ReinAss Team,4,,4,9,14,19,
Hannes Steinbach,PF,Juglas Brīvmākslinieki,75,Juglas Brīvmākslinieki,4,,4,9,14,19,
Tobias Harris,PF,BK 'Vārnu ielas republika',113,BK 'Vārnu ielas republika',4,,4,9,14,19,
Nate Ament,SF,Juglas Brīvmākslinieki,123,Juglas Brīvmākslinieki,3,,3,8,13,18,
Karim Lopez,SF,Juglas Brīvmākslinieki,91,Juglas Brīvmākslinieki,2,,2,7,12,17,
