week,team1,team2
1,7,3
1,1,2
1,4,9
1,5,13
1,6,8
1,10,11
1,12,15
1,14,16
2,7,6
2,1,12
2,2,8
2,3,14
2,4,15
2,5,16
2,9,10
2,11,13
3,7,8
3,1,4
3,2,12
3,3,5
3,6,14
3,9,13
3,10,15
3,11,16
4,7,14
4,1,10
4,2,4
4,3,11
4,5,6
4,8,12
4,9,16
4,13,15
5,7,5
5,1,13
5,2,10
5,3,9
5,4,12
5,6,11
5,8,14
5,15,16
6,7,11
6,1,16
6,2,13
6,3,15
6,4,8
6,5,14
6,6,9
6,10,12
7,7,9
7,1,3
7,2,16
7,4,10
7,5,8
7,6,15
7,11,14
7,12,13
8,7,15
8,1,6
8,2,3
8,4,13
8,5,11
8,8,10
8,9,14
8,12,16
9,7,1
9,2,6
9,3,12
9,4,16
9,5,9
9,8,11
9,10,13
9,14,15
10,7,2
10,1,14
10,3,4
10,5,15
10,6,12
10,8,13
10,9,11
10,10,16
11,7,12
11,1,5
11,2,14
11,3,10
11,4,6
11,8,9
11,11,15
11,13,16
12,7,4
12,1,11
12,2,5
12,3,13
12,6,10
12,8,16
12,9,15
12,12,14
13,7,10
13,1,9
13,2,11
13,3,16
13,4,14
13,5,12
13,6,13
13,8,15
14,7,13
14,1,15
14,2,9
14,3,8
14,4,5
14,6,16
14,10,14
14,11,12
15,7,16
15,1,8
15,2,15
15,3,6
15,4,11
15,5,10
15,9,12
15,13,14
16,7,3
16,1,2
16,4,9
16,5,13
16,6,8
16,10,11
16,12,15
16,14,16
17,7,6
17,1,12
17,2,8
17,3,14
17,4,15
17,5,16
17,9,10
17,11,13
