date,type,player,from_team,to_team,fab,note
2026-10-08,drop,Saddiq Bey,ReinAss Team,,,for Jaxson Hayes
2026-10-08,drop,Max Christie,DzintarSkibidi,,,for Gui Santos
2026-10-08,drop,Pelle Larsson,DzintarSkibidi,,,for Isaiah Jackson
2026-10-08,drop,Reed Sheppard,ReinAss Team,,,for Kris Dunn
2026-10-08,drop,Bez Mbeng,G League Team,,,for Cam Spencer
2026-10-08,drop,Bennett Stirtz,Toma Violent Monkeys,,,for Jonathan Kuminga
2026-10-08,add,Jaxson Hayes,,ReinAss Team,0,waiver
2026-10-08,add,Donte DiVincenzo,,DzintarSkibidi,0,waiver
2026-10-08,add,Moses Moody,,ReinAss Team,0,waiver
2026-10-08,add,Yanic Konan Niederhäuser,,DzintarSkibidi,1,waiver
2026-10-08,add,Gui Santos,,DzintarSkibidi,2,waiver
2026-10-08,add,Isaiah Jackson,,DzintarSkibidi,2,waiver
2026-10-08,add,Mark Williams,,Gustava Soliņu Sildītāji,2,waiver
2026-10-08,add,Kris Dunn,,ReinAss Team,2,waiver
2026-10-08,add,Cam Spencer,,G League Team,4,waiver
2026-10-08,add,Jonathan Kuminga,,Toma Violent Monkeys,20,waiver
