week,start,end
1,2026-10-20,2026-10-25
2,2026-10-26,2026-11-01
3,2026-11-02,2026-11-08
4,2026-11-09,2026-11-15
5,2026-11-16,2026-11-22
6,2026-11-23,2026-11-29
7,2026-11-30,2026-12-13
8,2026-12-14,2026-12-20
9,2026-12-21,2026-12-27
10,2026-12-28,2027-01-03
11,2027-01-04,2027-01-10
12,2027-01-11,2027-01-17
13,2027-01-18,2027-01-24
14,2027-01-25,2027-01-31
15,2027-02-01,2027-02-07
16,2027-02-08,2027-02-14
17,2027-02-15,2027-02-28
18,2027-03-01,2027-03-07
19,2027-03-08,2027-03-14
20,2027-03-15,2027-03-21
